ozdes_id,RA,DEC
SVA1_COADD-2925475944,42.543,0.3217
SVA1_COADD-2970344867,7.177,-42.2342
SVA1_COADD-2970344805,7.172,-42.2348
SVA1_COADD-2971051041,7.51,-42.8537
SVA1_COADD-2940268281,54.4925,-29.068
SVA1_COADD-2937797982,34.2897,-5.4457
SVA1_COADD-2970600422,10.2959,-44.1449
SVA1_COADD-2970926723,7.8701,-43.6891
SVA1_COADD-2939803872,55.0525,-28.5217
SVA1_COADD-2970679911,8.7394,-44.1461
SVA1_COADD-2925503302,42.2375,-0.625
SVA1_COADD-2925473721,42.7403,0.2853
SVA1_COADD-2939432361,51.73,-27.7605
SVA1_COADD-2940878061,52.4966,-28.0295
SVA1_COADD-2940271328,54.3928,-29.0373
SVA1_COADD-2970720240,9.8773,-43.756
SVA1_COADD-2938934104,35.8884,-5.0408
SVA1_COADD-2940294492,36.4217,-6.6818
SVA1_COADD-2940268317,54.3025,-29.068
SVA1_COADD-2939594372,53.888,-27.2373
SVA1_COADD-2925443210,43.1009,-0.2096
SVA1_COADD-2938640106,34.4979,-4.9973
SVA1_COADD-2938896833,36.2238,-5.3243
SVA1_COADD-2939763354,54.9931,-28.7142
SVA1_COADD-2938664032,34.6083,-4.6913
SVA1_COADD-2939615875,53.8003,-27.008
SVA1_COADD-2939817908,54.4245,-28.4564
SVA1_COADD-2938291099,35.63,-4.6556
SVA1_COADD-2940418628,52.9604,-27.3947
SVA1_COADD-2940268057,54.274,-29.0704
SVA1_COADD-2970834632,9.4134,-44.1503
SVA1_COADD-2938948749,36.0996,-4.9395
SVA1_COADD-2970765780,9.9824,-43.4941
SVA1_COADD-2938345569,34.5349,-5.4677
SVA1_COADD-2939090222,36.6378,-3.9284
SVA1_COADD-2939797314,54.7234,-28.5541
SVA1_COADD-2970344856,7.1766,-42.2344
SVA1_COADD-2940795347,54.6033,-26.443
SVA1_COADD-2940893092,52.3786,-27.9187
SVA1_COADD-2925355078,40.2761,-1.0933
SVA1_COADD-2940259913,54.0656,-29.1607
SVA1_COADD-2939688164,54.7221,-29.124
SVA1_COADD-2939523422,54.5625,-27.3162
SVA1_COADD-2971077769,7.8598,-42.6372
SVA1_COADD-2940231430,54.1398,-29.4466
SVA1_COADD-2970847508,9.7496,-43.2051
SVA1_COADD-2970856886,9.6756,-44.0436
SVA1_COADD-2971153873,8.6965,-43.4128
SVA1_COADD-2938541585,36.5742,-3.8651
SVA1_COADD-2939380992,53.9382,-29.8375
SVA1_COADD-2970997147,7.8355,-43.1127
SVA1_COADD-2925386870,42.1135,0.1793
SVA1_COADD-2925786829,42.6262,-0.792
SVA1_COADD-2940244768,54.218,-29.314
SVA1_COADD-2940517554,52.1107,-28.5504
SVA1_COADD-2970644541,9.1519,-44.5897
SVA1_COADD-2970833190,9.511,-44.1788
SVA1_COADD-2925471180,42.6828,0.2452
SVA1_COADD-2970860943,9.7332,-43.9832
SVA1_COADD-2925639469,43.222,-0.9578
SVA1_COADD-2925687644,40.9032,-1.2264
SVA1_COADD-2939021571,36.4271,-4.4284
SVA1_COADD-2939685129,54.9315,-29.1522
SVA1_COADD-2938355074,34.7121,-5.3474
SVA1_COADD-2938389308,36.0222,-4.6202
SVA1_COADD-2925656457,43.3536,-0.3559
SVA1_COADD-2939764981,54.5751,-28.7081
SVA1_COADD-2940914758,52.5361,-27.7614
SVA1_COADD-2970760793,9.1956,-44.4218
SVA1_COADD-2925787690,42.6296,-0.7784
SVA1_COADD-2940566865,52.691,-28.1942
SVA1_COADD-2970746476,9.2495,-44.5008
SVA1_COADD-2925436915,42.8503,-0.3061
SVA1_COADD-2940117924,52.8294,-28.1392
SVA1_COADD-2940403997,35.6145,-6.0654
SVA1_COADD-2970531962,10.0425,-43.6219
SVA1_COADD-2970677564,8.4083,-44.1833
SVA1_COADD-2938629092,35.0218,-5.1398
SVA1_COADD-2939748694,54.5333,-28.7912
SVA1_COADD-2970443536,6.7187,-42.7766
SVA1_COADD-2970587928,10.7007,-44.3707
SVA1_COADD-2937686746,34.0838,-5.1139
SVA1_COADD-2939575925,54.284,-26.7547
SVA1_COADD-2940877740,52.3724,-28.0318
SVA1_COADD-2940898976,52.3552,-27.8802
SVA1_COADD-2939976068,53.8019,-28.055
SVA1_COADD-2925737537,41.1861,-1.1443
SVA1_COADD-2970986827,7.1839,-43.1635
SVA1_COADD-2971110984,8.7416,-43.7881
SVA1_COADD-2938397136,35.758,-4.5563
SVA1_COADD-2925446646,42.8939,-0.1494
SVA1_COADD-2925474560,42.8824,0.299
SVA1_COADD-2925755085,42.5411,0.5515
SVA1_COADD-2939238255,53.6644,-26.518
SVA1_COADD-2925750373,42.9763,0.4623
SVA1_COADD-2925810995,42.9282,-0.3977
SVA1_COADD-2939372405,53.9446,-29.9431
SVA1_COADD-2970670047,8.9689,-44.2659
SVA1_COADD-2940775507,54.2437,-26.6801
SVA1_COADD-2925672911,40.5131,-1.4722
SVA1_COADD-2939352776,52.144,-27.271
SVA1_COADD-2940253781,53.8035,-29.2192
SVA1_COADD-2940713607,53.5528,-28.4168
SVA1_COADD-2940796199,54.7696,-26.4335
SVA1_COADD-2939233753,53.5159,-26.5781
SVA1_COADD-2970849043,10.0139,-44.0806
SVA1_COADD-2943206415,8.9206,-44.6018
SVA1_COADD-2938861270,35.4579,-4.3881
SVA1_COADD-2939008600,36.718,-4.5281
SVA1_COADD-2939159264,35.9246,-7.355
SVA1_COADD-2940870293,52.5267,-28.0835
SVA1_COADD-2925532608,43.1884,0.6396
SVA1_COADD-2939492435,54.5252,-27.6405
SVA1_COADD-2940947978,52.3003,-27.5298
SVA1_COADD-2938354391,34.75,-5.3553
SVA1_COADD-2938404958,35.8478,-4.503
SVA1_COADD-2937799166,33.7909,-5.4369
SVA1_COADD-2939562328,54.9267,-26.8732
SVA1_COADD-2971155896,8.618,-43.3938
SVA1_COADD-2925607376,41.3056,-0.5577
SVA1_COADD-2970772401,9.4778,-43.4783
SVA1_COADD-2939248823,53.6531,-26.3372
SVA1_COADD-2925364077,42.0643,-0.232
SVA1_COADD-2938350483,34.604,-5.4026
SVA1_COADD-2940415840,53.3048,-27.4147
SVA1_COADD-2940189627,53.4356,-27.6112
SVA1_COADD-2925476677,42.8614,0.3425
SVA1_COADD-2925579936,41.2268,-0.9988
SVA1_COADD-2925623932,41.0906,-0.3592
SVA1_COADD-2940002187,53.5476,-27.8165
SVA1_COADD-2925397876,43.5478,-0.3128
SVA1_COADD-2939164850,35.9259,-7.2685
SVA1_COADD-2939312042,55.3213,-27.1241
SVA1_COADD-2938764572,36.6691,-4.6515
SVA1_COADD-2939578595,53.984,-27.3933
DES16X2bcq,35.4854,-6.4749
SVA1_COADD-2939445039,55.4043,-29.1907
SVA1_COADD-2970595083,10.4377,-44.2448
SVA1_COADD-2970857906,9.2554,-44.0293
DES17X1kg,34.7172,-3.9737
SVA1_COADD-2938740427,37.0295,-4.8343
SVA1_COADD-2925731984,41.2892,-1.2434
SVA1_COADD-2940047739,55.2151,-28.6398
SVA1_COADD-2940243259,53.8717,-29.3276
SVA1_COADD-2940256946,54.4817,-29.1891
SVA1_COADD-2970508101,8.3183,-42.4174
SVA1_COADD-2939312945,55.1001,-27.1004
SVA1_COADD-2940281489,53.8262,-28.9386
DES16X1jr,34.0205,-4.2393
SVA1_COADD-2925854636,40.4458,-0.4316
SVA1_COADD-2937748550,34.2403,-5.803
SVA1_COADD-2940270267,53.8982,-29.0482
SVA1_COADD-2970742954,9.2257,-44.5171
SVA1_COADD-2971086578,7.7753,-42.5596
DES17E1bfv,7.7263,-42.5345
SVA1_COADD-2938336035,34.5116,-5.5775
SVA1_COADD-2938478036,35.9402,-4.1256
SVA1_COADD-2938703058,36.5781,-5.1142
SVA1_COADD-2937416895,34.0349,-4.573
SVA1_COADD-2970528747,10.6711,-43.6394
SVA1_COADD-2940692686,53.4104,-28.5602
SVA1_COADD-2970609826,10.6552,-44.0183
SVA1_COADD-2970712230,9.443,-43.85
SVA1_COADD-2970777161,9.2412,-43.4609
SVA1_COADD-2940261596,54.2324,-29.1448
SVA1_COADD-2970674408,8.7355,-44.217
SVA1_COADD-2925679060,40.3791,-1.3729
SVA1_COADD-2971042689,7.9142,-42.8916
SVA1_COADD-2939819333,54.8577,-28.4429
SVA1_COADD-2970858399,9.3039,-44.0245
SVA1_COADD-2940902328,51.8605,-27.8585
DES15X2ez,35.2673,-7.173
SVA1_COADD-2938627575,34.3614,-5.1589
SVA1_COADD-2939061886,36.4751,-4.1413
SVA1_COADD-2937556898,34.8409,-4.3795
SVA1_COADD-2970514123,8.0445,-42.3894
SVA1_COADD-2970535922,10.3752,-43.5942
SVA1_COADD-2970953756,7.6716,-43.435
DES16C2bce,53.7446,-29.9549
SVA1_COADD-2939285409,55.0384,-29.7124
SVA1_COADD-2940266370,53.7975,-29.0985
SVA1_COADD-2971203641,8.0507,-42.9947
SVA1_COADD-2940201862,53.0361,-27.52
SVA1_COADD-2970448317,6.854,-42.6858
SVA1_COADD-2970816310,9.5491,-44.2283
SVA1_COADD-2970955545,7.5393,-43.4175
SVA1_COADD-2970955865,7.3823,-43.4143
SVA1_COADD-2925457265,42.4317,0.0255
SVA1_COADD-2925722096,41.6826,-1.4056
SVA1_COADD-2937430058,34.1424,-4.3889
SVA1_COADD-2970593018,10.2721,-44.2805
SVA1_COADD-2970855972,9.5045,-44.0499
SVA1_COADD-2938130640,36.2041,-6.0298
SVA1_COADD-2925503752,41.9256,-0.6182
SVA1_COADD-2970543443,8.3226,-42.2324
SVA1_COADD-2970954634,7.109,-43.4257
SVA1_COADD-2925826015,40.4676,-0.9084
SVA1_COADD-2940459287,53.1606,-27.0634
SVA1_COADD-2970341162,7.4118,-42.2756
SVA1_COADD-2938640379,34.5791,-4.9941
SVA1_COADD-2971092080,7.4486,-42.4981
SVA1_COADD-2925423969,43.5221,0.1784
SVA1_COADD-2940208787,53.1876,-27.473
SVA1_COADD-2970677238,8.2783,-44.1868
SVA1_COADD-2925670610,40.8911,-1.525
SVA1_COADD-2970908331,7.4122,-43.8856
SVA1_COADD-2971175628,8.9774,-43.2276
SVA1_COADD-2925675611,40.4319,-1.4276
SVA1_COADD-2925720410,41.4403,-1.433
SVA1_COADD-2925726612,41.5891,-1.3339
DES16E2aaw,10.1333,-43.5269
OzDES-DR2_03643,42.4666,-0.0037
SVA1_COADD-2939774790,53.5842,-29.062
SVA1_COADD-2970728579,9.5499,-44.5838
DES16C2nn,54.0914,-28.8771
SVA1_COADD-2937772148,34.2252,-5.6196
SVA1_COADD-2925706112,41.4858,-1.6725
SVA1_COADD-2938860303,35.055,-4.3994
SVA1_COADD-2939828380,54.7563,-28.3274
SVA1_COADD-2970774039,9.6297,-43.4624
SVA1_COADD-2925436589,42.7891,-0.3112
SVA1_COADD-2940401289,35.6029,-6.1021
SVA1_COADD-2970419657,6.5467,-43.1493
DES17E2evv,9.6431,-44.1534
SVA1_COADD-2925370090,42.1647,-0.1187
SVA1_COADD-2939304598,55.1337,-27.2476
SVA1_COADD-2940480268,52.2132,-28.8201
DES16S2hx,41.482,-1.6805
SVA1_COADD-2925739931,41.1883,-1.1035
DES17E1ad,7.3945,-42.5273
OzDES-DR2_03669,42.7199,-0.0466
SVA1_COADD-2925834193,40.7704,-0.7804
SVA1_COADD-2970930300,7.1212,-43.6517
DES17X1gg,34.3402,-5.108
SVA1_COADD-2970687037,8.2054,-44.0716
SVA1_COADD-2970977864,7.9384,-43.2027
SVA1_COADD-2970516967,10.6456,-43.7295
OzDES-DR2_03576,40.4713,-0.5056
SVA1_COADD-2970404878,9.5577,-44.7273
OzDES-DR2_03588,41.2074,-0.9655
SVA1_COADD-2939589422,53.7411,-27.2963
SVA1_COADD-2970968959,7.6179,-43.2839
SVA1_COADD-2925649064,43.2132,-0.5558
SVA1_COADD-2938340974,34.8802,-5.521
SVA1_COADD-2925654765,43.2581,-0.4101
SVA1_COADD-2937812899,34.4023,-5.3658
SVA1_COADD-2940028186,53.7236,-27.5722
OzDES-DR2_03617,42.116,0.2479
OzDES-DR2_03652,42.5552,0.0177
SVA1_COADD-2937675703,34.0831,-5.2812
SVA1_COADD-2940837830,51.6475,-28.4053
DES14C3ni,51.5438,-28.2424
DES15S2is,40.9146,-0.4127
SVA1_COADD-2925636201,42.1223,-1.1067
SVA1_COADD-2970611349,10.1966,-43.9884
SVA1_COADD-2970656121,8.2572,-44.4315
SVA1_COADD-2925568094,42.3251,0.5508
SVA1_COADD-2925676806,40.3514,-1.4084
SVA1_COADD-2939367073,54.0581,-30.0238
SVA1_COADD-2939620647,53.7024,-26.9573
SVA1_COADD-2925392402,42.1682,0.2974
SVA1_COADD-2925440132,43.1001,-0.2574
SVA1_COADD-2938646171,34.3998,-4.9129
SVA1_COADD-2970847329,9.2915,-43.2078
SVA1_COADD-2971220308,8.2015,-42.8312
SVA1_COADD-2925476343,43.0227,0.337
SVA1_COADD-2925539813,41.4981,-0.3396
SVA1_COADD-2925628913,41.842,-1.3593
SVA1_COADD-2925671794,40.7468,-1.5025
SVA1_COADD-2937586747,34.7198,-4.0155
SVA1_COADD-2940665147,53.0374,-28.7491
SVA1_COADD-2970798153,9.1603,-43.3896
SVA1_COADD-2940867955,52.4518,-28.11
SVA1_COADD-2925807969,42.4959,-0.4458
DES15S1cs,43.0727,-0.8804
SVA1_COADD-2925328555,40.9798,-1.9638
SVA1_COADD-2971092076,7.629,-42.4979
DES14S2aog,42.1485,-0.9175
SVA1_COADD-2939182447,35.8839,-7.0532
SVA1_COADD-2940277059,54.439,-28.9814
SVA1_COADD-2940370712,35.7825,-6.4532
SVA1_COADD-2970421584,6.5215,-43.1225
SVA1_COADD-2925658020,43.4317,-0.3533
SVA1_COADD-2938919704,36.2772,-5.149
SVA1_COADD-2970723181,9.518,-43.7281
DES13E1bvn,7.0463,-42.5731
SVA1_COADD-2925786691,42.7037,-0.7944
SVA1_COADD-2970554797,8.3528,-42.15
DES17C2os,53.8132,-29.8105
SVA1_COADD-2937572662,34.8157,-4.1875
SVA1_COADD-2925392258,42.0135,0.294
SVA1_COADD-2939368309,54.0399,-30.0036
SVA1_COADD-2970571787,10.3187,-43.235
DES14C1csb,53.862,-27.1894
SVA1_COADD-2937564514,34.603,-4.2815
SVA1_COADD-2937682128,34.0682,-5.18
SVA1_COADD-2925471674,42.9359,0.2535
SVA1_COADD-2925623942,41.1568,-0.3599
SVA1_COADD-2939385966,54.3898,-29.7901
SVA1_COADD-2939935538,53.6014,-28.3812
SVA1_COADD-2939572583,53.5068,-27.4234
SVA1_COADD-2940389965,35.9638,-6.2345
SVA1_COADD-2970328630,6.9624,-42.4076
OzDES-DR2_03667,41.6198,-1.1526
SVA1_COADD-2938643980,34.6595,-4.9501
SVA1_COADD-2939526079,54.3022,-27.2883
SVA1_COADD-2939644684,54.6153,-29.5566
DES15S2aqw,40.8318,-0.901
SVA1_COADD-2938133405,35.9419,-5.995
SVA1_COADD-2940028880,53.6911,-27.5668
SVA1_COADD-2940518953,52.5888,-28.5436
SVA1_COADD-2970364664,6.9837,-43.6513
SVA1_COADD-2970870411,9.8391,-43.8897
SVA1_COADD-2939484158,54.5311,-27.73
SVA1_COADD-2970753301,9.2656,-44.458
DES14X3cce,37.3158,-4.7044
SVA1_COADD-2925676432,40.483,-1.4145
SVA1_COADD-2971005817,7.9338,-43.0708
SVA1_COADD-2971085043,7.0464,-42.5731
DES13E2zj,10.3453,-43.9106
SVA1_COADD-2938668984,34.6198,-4.6327
SVA1_COADD-2939566999,53.5891,-27.4301
SVA1_COADD-2937590149,34.2817,-3.9783
SVA1_COADD-2939390597,54.2435,-29.7345
SVA1_COADD-2970909028,7.5971,-43.876
DES14S2qh,40.6042,-1.4432
SVA1_COADD-2938151694,35.9952,-5.8363
SVA1_COADD-2971021290,7.6074,-42.9927
SVA1_COADD-2925781163,42.443,-0.9282
SVA1_COADD-2940331968,36.3953,-6.2075
SVA1_COADD-2925712582,41.6285,-1.5645
SVA1_COADD-2925718069,41.5585,-1.4702
SVA1_COADD-2937545949,34.4266,-4.5138
SVA1_COADD-2937564505,34.1986,-4.281
SVA1_COADD-2970554549,8.4083,-42.154
SVA1_COADD-2938178978,36.2306,-5.6213
SVA1_COADD-2937464658,33.5271,-4.9581
SVA1_COADD-2939571354,54.3021,-26.7957
SVA1_COADD-2925430831,43.2667,0.3167
SVA1_COADD-2938921400,36.3425,-5.1376
SVA1_COADD-2939196474,35.9596,-6.8809
SVA1_COADD-2970493485,9.1081,-42.5387
SVA1_COADD-2970694364,8.3511,-43.9802
SVA1_COADD-2925710206,41.4748,-1.6002
SVA1_COADD-2938695539,36.9328,-5.1646
SVA1_COADD-2937684941,34.0156,-5.1421
SVA1_COADD-2940364387,35.8447,-6.5234
DES13X1cps,33.8722,-4.1417
SVA1_COADD-2938218765,36.2517,-5.3682
SVA1_COADD-2937772413,34.12,-5.616
SVA1_COADD-2940004848,53.7187,-27.7948
SVA1_COADD-2939551294,54.6754,-26.9794
SVA1_COADD-2940567869,52.369,-28.188
SVA1_COADD-2970458628,9.0695,-43.1596
SVA1_COADD-2970601856,10.3236,-44.1263
DES13X2esw,36.0639,-6.77
OzDES-DR2_03623,42.2126,-0.1878
SVA1_COADD-2925519095,42.2164,-0.3682
SVA1_COADD-2939698167,54.7066,-29.0201
SVA1_COADD-2970648269,8.7887,-44.5394
DES17X3bqv,36.6263,-4.2829
SVA1_COADD-2970750355,9.7656,-43.5599
SVA1_COADD-2925369350,42.2807,-0.1303
DES17S1auo,42.5237,-0.6819
OzDES-DR2_03687,42.8297,0.3278
OzDES-DR2_03731,43.2586,-0.2924
SVA1_COADD-2970591418,10.3135,-44.3058
SVA1_COADD-2970978434,7.7606,-43.1975
DES13E2dqo,9.9022,-43.1111
DES14E1boz,7.4035,-42.9558
SVA1_COADD-2925436797,42.6019,-0.3089
SVA1_COADD-2925794296,42.5917,-0.6791
SVA1_COADD-2925333741,40.8698,-1.7843
SVA1_COADD-2939319601,55.1314,-26.9995
DES14E2ut,10.6413,-44.1679
OzDES-DR2_03690,42.8715,-0.9542
SVA1_COADD-2971062570,7.4226,-42.7831
OzDES-DR2_03654,42.5573,-0.8151
SVA1_COADD-2938854236,35.0207,-4.4678
SVA1_COADD-2925385797,42.2861,0.1501
DES14C2ts,55.1007,-29.206
DES15C3kc,53.3527,-28.741
SVA1_COADD-2925698205,40.6921,-1.0547
SVA1_COADD-2938641622,34.9899,-4.9795
SVA1_COADD-2939659653,54.6405,-29.4072
SVA1_COADD-2925765744,42.5373,0.7346
SVA1_COADD-2970646067,8.946,-44.569
SVA1_COADD-2937557129,34.6057,-4.3766
SVA1_COADD-2970951747,7.2569,-43.4531
SVA1_COADD-2970840955,9.8466,-44.1258
OzDES-DR2_03587,41.1999,-0.6531
SVA1_COADD-2937875201,35.1174,-6.8821
SVA1_COADD-2925476876,42.4606,0.3457
SVA1_COADD-2940253043,53.8888,-29.2272
SVA1_COADD-2940661194,53.1743,-28.7863
SVA1_COADD-2939399418,53.8855,-29.6529
SVA1_COADD-2925477181,42.9075,0.3508
SVA1_COADD-2939572534,53.9042,-27.4242
SVA1_COADD-2970654635,8.976,-44.4485
SVA1_COADD-2971231892,8.2347,-42.7312
SVA1_COADD-2938622100,34.3835,-5.2255
SVA1_COADD-2925749412,42.9816,0.4468
SVA1_COADD-2925464457,42.8595,0.136
SVA1_COADD-2939669641,54.9628,-29.3106
SVA1_COADD-2970553533,10.067,-43.4529
SVA1_COADD-2970682071,8.7182,-44.1238
DES15S2jm,41.4008,-0.4678
SVA1_COADD-2939752057,54.533,-28.7765
SVA1_COADD-2940700344,53.3257,-28.5116
OzDES-DR2_03680,42.7681,-0.1456
SVA1_COADD-2939429771,51.702,-27.8273
SVA1_COADD-2940482954,52.0118,-28.8024
SVA1_COADD-2970667979,8.5812,-44.2897
SVA1_COADD-2925810009,42.6274,-0.4134
SVA1_COADD-2940535913,52.0145,-28.4174
SVA1_COADD-2925393331,42.189,0.3208
SVA1_COADD-2939644652,54.7653,-29.5574
SVA1_COADD-2971138020,8.3817,-43.5537
SVA1_COADD-2970720523,9.0615,-43.7536
DES13X1dai,34.4584,-5.4695
SVA1_COADD-2939592350,53.5704,-27.2581
OzDES-DR2_03625,42.2308,0.1348
SVA1_COADD-2937546295,34.5938,-4.51
SVA1_COADD-2939403779,54.1895,-29.6137
SVA1_COADD-2939630101,53.9753,-26.8395
SVA1_COADD-2939810672,54.8874,-28.4908
SVA1_COADD-2940502332,52.5596,-28.6635
SVA1_COADD-2971250820,8.0634,-42.5513
OzDES-DR2_03750,43.5463,-0.3176
SVA1_COADD-2939296858,55.1137,-27.4206
SVA1_COADD-2970373462,6.963,-43.4648
SVA1_COADD-2940241327,53.7506,-29.3462
SVA1_COADD-2938945772,35.884,-4.961
SVA1_COADD-2925799729,43.0067,-0.5876
OzDES-DR2_03692,42.9051,-0.5079
SVA1_COADD-2939178841,36.0433,-7.0995
SVA1_COADD-2939373900,54.4975,-29.9228
SVA1_COADD-2970368841,7.0085,-43.5617
SVA1_COADD-2970909213,7.4295,-43.8719
SVA1_COADD-2939401752,54.151,-29.6317
SVA1_COADD-2939864039,54.0914,-28.8772
SVA1_COADD-2971079430,7.493,-42.6236
SVA1_COADD-2937854650,35.2673,-7.173
SVA1_COADD-2925491764,42.2661,-0.8425
SVA1_COADD-2938767018,36.8829,-4.6334
SVA1_COADD-2939250074,53.6623,-26.3133
SVA1_COADD-2970617822,10.544,-43.9012
SVA1_COADD-2925770072,42.4739,0.8121
SVA1_COADD-2939225990,53.7351,-26.6797
SVA1_COADD-2970855768,9.2035,-44.0511
SVA1_COADD-2971010547,7.489,-43.0506
DES15X3hf,36.9498,-3.9605
OzDES-DR2_03732,43.2634,0.9501
SVA1_COADD-2970737963,9.1992,-44.5393
SVA1_COADD-2939704674,54.6747,-28.9646
SVA1_COADD-2939283340,54.8135,-29.7583
SVA1_COADD-2940882201,52.1499,-28.0045
SVA1_COADD-2925362897,42.1405,-0.2533
SVA1_COADD-2925812345,43.0047,-0.3779
SVA1_COADD-2939288444,54.819,-29.6635
SVA1_COADD-2940438745,53.2839,-27.2479
SVA1_COADD-2970618168,10.3354,-43.8972
OzDES-DR2_03043,54.7679,-27.9812
OzDES-DR2_03046,36.3951,-4.4005
SVA1_COADD-2925500184,42.378,-0.6831
SVA1_COADD-2925533510,43.1922,0.675
SVA1_COADD-2937702952,34.1105,-4.8856
SVA1_COADD-2971029133,7.4035,-42.9558
DES15X2eh,35.0816,-6.1249
SVA1_COADD-2925562868,42.011,0.4056
SVA1_COADD-2940265001,54.2632,-29.1127
SVA1_COADD-2940307585,36.1212,-6.5066
SVA1_COADD-2970722426,9.2223,-43.7351
OzDES-DR2_03753,43.5968,-0.4515
SVA1_COADD-2925652736,43.5285,-0.4525
SVA1_COADD-2940000433,53.7407,-27.8324
SVA1_COADD-2938630133,34.8465,-5.1284
SVA1_COADD-2939748567,54.9464,-28.795
SVA1_COADD-2937695256,33.6561,-4.9923
OzDES-DR2_03679,42.7471,-0.3859
SVA1_COADD-2938631157,34.4854,-5.1143
SVA1_COADD-2938636287,34.3273,-5.0444
SVA1_COADD-2970466027,9.0133,-43.0895
OzDES-DR2_03048,36.0657,-4.238
SVA1_COADD-2938270666,35.0545,-4.8539
SVA1_COADD-2938340901,34.7524,-5.5224
SVA1_COADD-2940377880,35.3682,-6.3707
SVA1_COADD-2943201524,9.274,-44.6683
SVA1_COADD-2971171769,8.5535,-43.2585
SVA1_COADD-2925685471,41.0011,-1.261
SVA1_COADD-2939163301,35.9054,-7.2919
SVA1_COADD-2940203561,52.8206,-27.5083
OzDES-DR2_03551,98.225,-59.2957
SVA1_COADD-2925337297,41.5757,-1.8884
SVA1_COADD-2970919204,7.9301,-43.7537
SVA1_COADD-2970972990,7.5264,-43.2466
SVA1_COADD-2971085825,7.808,-42.5669
OzDES-DR2_03572,40.8354,-0.8286
SVA1_COADD-2925562446,42.1083,0.3956
SVA1_COADD-2970787873,9.6293,-44.3169
SVA1_COADD-2940229742,54.3873,-29.461
SVA1_COADD-2940939945,51.9499,-27.5841
SVA1_COADD-2925397940,43.5478,-0.3123
SVA1_COADD-2925577636,41.5562,-1.039
OzDES-DR2_01712,54.9383,-29.163
SVA1_COADD-2925686205,40.5612,-1.2481
SVA1_COADD-2970387030,6.7438,-43.2351
SVA1_COADD-2940848220,51.7465,-28.2403
OzDES-DR2_03559,98.4307,-58.3055
OzDES-DR2_03600,40.2126,-1.0003
OzDES-DR2_03684,42.8049,1.0408
SVA1_COADD-2925407044,43.794,-0.1203
SVA1_COADD-2925756435,43.1485,0.5733
SVA1_COADD-2970677475,8.7409,-44.1852
SVA1_COADD-2938001160,37.2765,-4.8386
SVA1_COADD-2937766484,34.3338,-5.6604
SVA1_COADD-2940448274,52.8921,-27.1809
SVA1_COADD-2925602086,41.6267,-0.6394
SVA1_COADD-2940852937,51.8649,-28.1857
OzDES-DR2_03534,97.6033,-59.3574
SVA1_COADD-2937733023,34.2401,-5.9475
OzDES-DR2_03804,96.1238,-58.3566
OzDES-DR2_03807,96.2673,-59.1459
OzDES-DR2_03709,43.0043,0.4881
SVA1_COADD-2938347317,34.8055,-5.4489
SVA1_COADD-2938905655,36.4269,-5.2468
SVA1_COADD-2939035120,36.6027,-4.3339
SVA1_COADD-2939055397,36.9438,-4.1857
SVA1_COADD-2937483214,36.1856,-3.8055
OzDES-DR2_03666,42.6836,0.7354
OzDES-DR2_03818,97.0373,-59.6656
SVA1_COADD-2940507850,51.9739,-28.6268
SVA1_COADD-2939487586,54.6938,-27.6933
SVA1_COADD-2940224082,54.1879,-29.5132
SVA1_COADD-2939643434,54.8014,-29.5677
SVA1_COADD-2970955917,7.1779,-43.4142
SVA1_COADD-2971170957,8.3768,-43.2651
SVA1_COADD-2939541748,54.6799,-27.0893
SVA1_COADD-2970740156,9.596,-43.6272
OzDES-DR2_03810,96.7129,-58.7183
SVA1_COADD-2970558008,10.5215,-43.4092
SVA1_COADD-2970837087,9.7873,-44.1466
SVA1_COADD-2970908353,7.2589,-43.8857
SVA1_COADD-2938037633,36.2794,-7.2055
OzDES-DR2_01880,54.238,-29.7752
SVA1_COADD-2940734762,52.77,-28.2744
OzDES-DR2_03678,42.7447,-0.5586
SVA1_COADD-2970615822,10.2264,-43.9217
DES16X3bdi,36.7171,-4.0992
OzDES-DR2_02532,53.0682,-28.733
SVA1_COADD-2937878159,35.4443,-6.8468
SVA1_COADD-2939535084,54.7944,-27.1754
SVA1_COADD-2925486343,41.7469,-0.9231
OzDES-DR2_03051,36.0169,-4.8551
OzDES-DR2_03694,42.9231,0.6854
OzDES-DR2_03499,96.5205,-58.8742
SVA1_COADD-2938502367,36.0735,-3.9941
SVA1_COADD-2939297614,55.2866,-27.4055
SVA1_COADD-2940224019,54.2185,-29.5135
SVA1_COADD-2939696843,54.6086,-29.0327
OzDES-DR2_03525,97.4194,-58.3405
SVA1_COADD-2925840006,40.9375,-0.6903
SVA1_COADD-2940230782,54.0386,-29.4527
OzDES-DR2_03827,97.3865,-59.6002
OzDES-DR2_02242,52.2061,-28.209
OzDES-DR2_03516,97.1423,-59.2829
SVA1_COADD-2939034915,36.666,-4.3345
SVA1_COADD-2970850207,9.7587,-44.0811
SVA1_COADD-2970912847,7.8888,-43.8127
SVA1_COADD-2970606151,10.2148,-44.0676
SVA1_COADD-2938857554,35.2514,-4.4328
OzDES-DR2_03561,98.7328,-58.3909
SVA1_COADD-2940750431,55.0282,-26.7362
OzDES-DR2_03510,96.9066,-58.1923
OzDES-DR2_03830,97.8509,-59.5836
SVA1_COADD-2925785900,42.5543,-0.807
OzDES-DR2_03504,96.7235,-58.3792
SVA1_COADD-2925363548,42.3812,-0.2446
OzDES-DR2_02017,52.4486,-27.477
OzDES-DR2_03558,98.373,-58.3633
OzDES-DR2_02412,51.8708,-28.5122
OzDES-DR2_03844,98.604,-58.1385
SVA1_COADD-2925572122,42.3977,0.6957
OzDES-DR2_03050,36.3303,-4.7871
OzDES-DR2_03519,97.3128,-59.4487
OzDES-DR2_03537,97.7518,-58.8707
SVA1_COADD-2939170286,36.0213,-7.194
OzDES-DR2_03813,96.769,-58.4656
SVA1_COADD-2938492998,36.2345,-4.0603
OzDES-DR2_03808,96.2917,-58.0908
SVA1_COADD-2939373025,54.6281,-29.9348
OzDES-DR2_03503,96.5902,-58.0147
SVA1_COADD-2925799454,43.0167,-0.5918
SVA1_COADD-2938397188,35.7752,-4.5566
SVA1_COADD-2970421037,6.6425,-43.1303
OzDES-DR2_03819,97.0733,-58.2469
OzDES-DR2_03833,98.0205,-58.853
SVA1_COADD-2925472971,43.1219,0.2735
SVA1_COADD-2970520148,10.7611,-43.7144
SVA1_COADD-2970605450,10.6183,-44.0787
DES15X1aw,35.0545,-4.8539
SVA1_COADD-2938051197,36.369,-6.9581
SVA1_COADD-2940182846,52.6683,-27.6583
SVA1_COADD-2970668428,8.9505,-44.2851
OzDES-DR2_03524,97.4158,-57.8855
OzDES-DR2_01076,54.4724,-26.6661
OzDES-DR2_03530,97.5376,-57.843
SVA1_COADD-2939668317,54.6233,-29.3236
SVA1_COADD-2970834385,9.6431,-44.1534
OzDES-DR2_03047,36.6668,-4.3026
OzDES-DR2_03812,96.7355,-59.3646
SVA1_COADD-2971176380,8.1924,-43.2231
OzDES-DR2_03831,97.9719,-58.027
SVA1_COADD-2925646449,43.304,-0.6248
SVA1_COADD-2925416202,43.5065,0.0549
SVA1_COADD-2938010360,37.2136,-4.7234
SVA1_COADD-2939029256,36.8925,-4.3746
OzDES-DR2_03500,96.5291,-58.388
OzDES-DR2_03560,98.6141,-58.1994
SVA1_COADD-2938405366,35.8756,-4.5011
OzDES-DR2_03532,97.552,-59.6521
OzDES-DR2_03826,97.3458,-59.5622
SVA1_COADD-2925661705,40.6383,-1.7198
SVA1_COADD-2937552859,34.8998,-4.4295
SVA1_COADD-2939521864,54.5752,-27.3352
SVA1_COADD-2970560956,7.87,-42.1049
SVA1_COADD-2970350730,7.2824,-42.1546
SVA1_COADD-2970771892,9.8646,-44.3815
OzDES-DR2_04736,98.4296,-59.2109
OzDES-DR2_03556,98.3602,-58.3554
OzDES-DR2_03730,43.2569,0.3941
SVA1_COADD-2939007898,36.7814,-4.5342
OzDES-DR2_04645,97.2142,-57.83
OzDES-DR2_03507,96.8575,-59.6371
OzDES-DR2_03541,97.9639,-59.454
OzDES-DR2_03542,97.9719,-59.1149
OzDES-DR2_03846,99.0982,-58.8861
SVA1_COADD-2970546003,10.047,-43.5226
SVA1_COADD-2970737546,9.2703,-44.5426
SVA1_COADD-2938984610,36.0067,-4.6758
SVA1_COADD-2937427646,34.0806,-4.4266
OzDES-DR2_03042,54.6678,-29.6228
SVA1_COADD-2938397530,35.6789,-4.5541
OzDES-DR2_03843,98.438,-58.8785
SVA1_COADD-2938013449,37.4812,-4.6906
SVA1_COADD-2938140912,36.0768,-5.9197
SVA1_COADD-2938631682,34.3402,-5.108
SVA1_COADD-2937589886,34.1974,-3.9822
SVA1_COADD-2940942159,52.1573,-27.571
SVA1_COADD-2939047014,36.6988,-4.2419
SVA1_COADD-2971072668,7.539,-42.693
OzDES-DR2_03734,43.2989,0.6446
SVA1_COADD-2970554739,7.8863,-42.1508
OzDES-DR2_03540,97.9519,-59.5045
SVA1_COADD-2970720709,9.4683,-43.752
SVA1_COADD-2970666119,8.7876,-44.3107
OzDES-DR2_04657,97.4854,-59.3932
OzDES-DR2_03548,98.1669,-58.4516
SVA1_COADD-2938301218,35.0562,-6.0171
SVA1_COADD-2925573334,42.3139,0.7563
SVA1_COADD-2971149575,8.2882,-43.4481
OzDES-DR2_03498,96.4934,-58.4326
OzDES-DR2_03839,98.1969,-59.5948
SVA1_COADD-2940700870,53.1249,-28.5116
OzDES-DR2_03828,97.5881,-58.7313
SVA1_COADD-2925766683,42.7109,0.7509
SVA1_COADD-2940934903,52.6171,-27.6268
SVA1_COADD-2925451853,42.9646,-0.0686
SVA1_COADD-2938886900,35.6183,-4.0314
OzDES-DR2_03514,97.0976,-58.0739
OzDES-DR2_03837,98.1331,-59.1508
SVA1_COADD-2938485719,36.2131,-4.0909
SVA1_COADD-2940100983,34.9614,-6.146
SVA1_COADD-2925445574,43.1425,-0.1757
OzDES-DR2_03805,96.1258,-58.824
SVA1_COADD-2939818457,54.5935,-28.4528
OzDES-DR2_03528,97.5088,-59.4677
SVA1_COADD-2938715532,36.9689,-5.0246
SVA1_COADD-2940222883,54.2928,-29.5241
OzDES-DR2_03515,97.1272,-59.3232
SVA1_COADD-2938498296,35.866,-4.022
OzDES-DR2_03823,97.2084,-58.7312
SVA1_COADD-2938505920,35.9356,-3.9694
SVA1_COADD-2938719529,37.0686,-4.994
SVA1_COADD-2925846729,40.4746,-0.5751
SVA1_COADD-2925758989,42.4766,0.6151
SVA1_COADD-2938942051,35.7832,-4.9858
SVA1_COADD-2925753721,43.0178,0.527
OzDES-DR2_04670,97.7954,-57.7846
OzDES-DR2_03838,98.1399,-57.9482
SVA1_COADD-2940434051,52.9504,-27.2936
OzDES-DR2_03799,95.724,-59.1184
SVA1_COADD-2940228499,54.2337,-29.4756
SVA1_COADD-2940753486,54.9041,-26.6764
OzDES-DR2_04250,54.3316,-27.355
SVA1_COADD-2925643975,43.2988,-0.7116
SVA1_COADD-2940245160,54.4176,-29.3111
OzDES-DR2_04703,96.6348,-58.197
OzDES-DR2_03508,96.8709,-58.0797
OzDES-DR2_03518,97.2721,-57.8267
SVA1_COADD-2970476623,9.0662,-42.9532
OzDES-DR2_03757,43.6783,0.4835
SVA1_COADD-2925512698,42.3284,-0.4644
SVA1_COADD-2939076089,36.8491,-4.0374
OzDES-DR2_03842,98.4059,-58.11
SVA1_COADD-2970614761,10.6967,-43.9403
OzDES-DR2_04637,96.9958,-58.4915
OzDES-DR2_03798,95.6506,-58.8501
SVA1_COADD-2938234013,35.4079,-5.2268
OzDES-DR2_03526,97.4766,-58.8826
SVA1_COADD-2939280573,54.8944,-29.8179
SVA1_COADD-2971108787,8.357,-43.8073
OzDES-DR2_03538,97.9195,-58.188
SVA1_COADD-2971198787,8.1154,-43.0503
OzDES-DR2_03544,97.9847,-58.0431
OzDES-DR2_03815,96.8825,-58.5849
SVA1_COADD-2925526498,43.3723,0.465
SVA1_COADD-2925570659,42.278,0.6239
SVA1_COADD-2940893151,52.1666,-27.92
OzDES-DR2_03506,96.8355,-58.5274
OzDES-DR2_03557,98.3611,-58.8724
OzDES-DR2_03547,98.0646,-59.3388
SVA1_COADD-2938539882,36.7676,-3.8819
OzDES-DR2_03836,98.0863,-59.524
SVA1_COADD-2940435471,52.6716,-27.2719
OzDES-DR2_04680,98.1137,-58.6541
SVA1_COADD-2940803438,54.237,-26.3581
OzDES-DR2_03040,54.5756,-26.3613
SVA1_COADD-2940953293,52.243,-27.4946
OzDES-DR2_03820,97.0922,-58.8168
OzDES-DR2_03834,98.0467,-59.2616
SVA1_COADD-2971096071,7.2325,-42.4624
OzDES-DR2_03554,98.2685,-58.6556
OzDES-DR2_03513,97.0324,-58.8464
OzDES-DR2_03520,97.3481,-58.6223
SVA1_COADD-2925769537,42.7541,0.8008
SVA1_COADD-2940552037,52.4206,-28.3084
OzDES-DR2_04713,97.5497,-58.1422
OzDES-DR2_03841,98.3266,-58.8926
OzDES-DR2_04685,98.3934,-58.1637
SVA1_COADD-2938658950,34.8615,-4.7514
OzDES-DR2_03509,96.8958,-57.8019
SVA1_COADD-2970387466,6.9971,-43.2292
SVA1_COADD-2970795406,9.2858,-43.398
OzDES-DR2_04696,96.0148,-59.2061
OzDES-DR2_03523,97.4109,-59.4052
SVA1_COADD-2925376811,41.8307,0.0041
OzDES-DR2_03039,54.6042,-26.4714
OzDES-DR2_03543,97.9867,-57.8119
SVA1_COADD-2940043569,55.2641,-28.8131
DES15E1arx,8.0887,-42.2072
SVA1_COADD-2940670625,53.0492,-28.7159
OzDES-DR2_03535,97.6711,-58.5432
SVA1_COADD-2940826518,51.8081,-28.6467
OzDES-DR2_04702,96.4871,-59.0145
OzDES-DR2_03533,97.5759,-57.8593
OzDES-DR2_03835,98.0785,-58.6449
SVA1_COADD-2938537538,36.779,-3.9033
OzDES-DR2_03552,98.243,-58.8348
OzDES-DR2_03521,97.3635,-58.6363
SVA1_COADD-2939525110,54.874,-27.2993
SVA1_COADD-2940756617,55.2076,-26.61
SVA1_COADD-2925778748,42.9635,0.9609
OzDES-DR2_03814,96.7686,-59.0087
OzDES-DR2_03816,96.9925,-59.2972
SVA1_COADD-2970425900,6.7845,-43.0655
SVA1_COADD-2939231059,53.5816,-26.6243
SVA1_COADD-2970674319,8.2563,-44.2183
SVA1_COADD-2939585125,53.5501,-27.3416
OzDES-DR2_04643,97.1927,-57.9615
OzDES-DR2_04694,99.0217,-59.3639
OzDES-DR2_03825,97.2905,-59.1978
SVA1_COADD-2940771613,54.5442,-26.7236
SVA1_COADD-2939038734,36.8989,-4.3077
Y1A1_COADD_DFULL-3170174723,54.782,-26.6171
OzDES-DR2_04714,97.6039,-58.1891
OzDES-DR2_03555,98.3535,-58.2302
OzDES-DR2_04646,97.2131,-59.6902
OzDES-DR2_03546,98.0307,-58.8036
SVA1_COADD-2970453738,6.6531,-42.5552
SVA1_COADD-2940314312,36.5795,-6.4226
OzDES-DR2_04648,97.324,-59.2696
OzDES-DR2_03817,96.9943,-59.6466
SVA1_COADD-2970398047,9.9092,-44.8042
OzDES-DR2_03044,54.5727,-26.6669
SVA1_COADD-2939679585,55.1008,-29.206
SVA1_COADD-2939031576,36.4048,-4.3591
OzDES-DR2_03501,96.5624,-58.1609
SVA1_COADD-2970397380,9.3468,-44.8122
LSQ12emo,34.6335,-4.2293
SVA1_COADD-2940076928,34.7338,-6.4464
OzDES-DR2_04665,97.6562,-57.9362
OzDES-DR2_03800,95.9073,-59.3145
SVA1_COADD-2940452336,52.841,-27.1528
SVA1_COADD-2939425122,51.6122,-27.9368
OzDES-DR2_03545,97.9835,-58.4098
OzDES-DR2_03517,97.2237,-58.3219
OzDES-DR2_03802,96.0189,-59.0836
LSQ12fld,34.9673,-4.1556
OzDES-DR2_03522,97.378,-58.9508
OzDES-DR2_03832,97.9989,-59.1502
SVA1_COADD-2940822014,54.4851,-26.1193
OzDES-DR2_03809,96.4736,-58.2651
OzDES-DR2_03529,97.5209,-59.6771
OzDES-DR2_03511,96.9879,-59.6281
OzDES-DR2_03497,96.4161,-58.4817
SVA1_COADD-2970945351,7.9788,-43.5214
OzDES-DR2_04692,98.7955,-58.8844
SVA1_COADD-2970595874,10.5847,-44.2421
OzDES-DR2_03806,96.1595,-58.5486
OzDES-DR2_03822,97.1559,-58.5084
OzDES-DR2_04535,34.755,-6.7707
OzDES-DR2_03512,97.0332,-58.8092
OzDES-DR2_04247,54.0346,-26.2077
SVA1_COADD-2939653045,55.1186,-29.484
OzDES-DR2_03531,97.5379,-59.547
OzDES-DR2_00411,96.7064,-58.0667
OzDES-DR2_00499,53.4175,-26.8744
OzDES-DR2_04335,9.961,-44.4053
SVA1_COADD-2937976373,37.2146,-5.2064
OzDES-DR2_04764,52.7052,-27.7937
OzDES-DR2_04451,37.2509,-4.6313
SVA1_COADD-2937944931,37.0966,-4.2066
SVA1_COADD-2970550447,8.0886,-42.2072